33894~6~0~Phòng giành cho con gái. アメリカ~0.000000~0.000000~0.000000~0.000000~0~3000000~ ;
40575~6~0~phòng giành cho con タナカさん ~0.000000~0.000000~0.000000~0.000000~0~3000000~ ;
73854~6~0~Quạt bị hỏng vui lòng sửa lại đi.~0.000000~0.000000~0.000000~0.000000~0~3000000~ ;
93315~6~0~Quá tuyệt với nhưng mà bạn có cái gì chứ đứng . ~0.000000~0.000000~0.000000~0.000000~0~3000000~ ;
65727~6~0~tôi yêu trường tôi với bao bạn thân và cô giáo ~0.000000~0.000000~0.000000~0.000000~0~3000000~ ;
58593~6~0~tôi đã code được gõ tiếng việt thật tuyệt với đúng ~0.000000~0.000000~0.000000~0.000000~0~3000000~ ;
98553~6~0~có một sự thật là tôi code rất gà á ~0.000000~0.000000~0.000000~0.000000~0~3000000~ ;
69476~6~0~みなさんこんにちはきょうわたちのたじょうびです.~0.000000~0.000000~0.000000~0.000000~0~3000000~ ;
71244~6~0~tôi ước gì tôi có thể code giỏi hơn nữa ~0.000000~0.000000~0.000000~0.000000~0~3000000~ ;
38817~6~0~một rừng hoa thơm ngát bam vào mắt ~0.000000~0.000000~0.000000~0.000000~0~3000000~ ;
81507~6~0~một trong các loài hoa thì tôi thích nhất là loài hoa ~0.000000~0.000000~0.000000~0.000000~0~3000000~ ;
62374~6~0~trong các loại kem thì tôi thích nhất là kem sầu ~0.000000~0.000000~0.000000~0.000000~0~3000000~ ;
24319~6~0~mong các bạn thông cảm cho tôi tôi còn gõ chậm ~0.000000~0.000000~0.000000~0.000000~0~3000000~ ;
87004~6~0~tại sao tôi có thể gõ tiếng việt nhanh như vậy cơ ~0.000000~0.000000~0.000000~0.000000~0~3000000~ ;
11347~6~0~Phong quat bi hong~0.000000~0.000000~0.000000~0.000000~0~3000000~ ;
80081~6~0~Phong quat bi hong tôi còn biết gõ tiếng việt á chớ ~0.000000~0.000000~0.000000~0.000000~0~3000000~ ;
94414~6~0~Phong quat bi tôi không biết nữa hong~0.000000~0.000000~0.000000~0.000000~0~3000000~ ;
68770~6~0~Phòng bẩn nhất ký túc xá ~0.000000~0.000000~0.000000~0.000000~0~3000000~ ;
1667~6~0~Mấy bạn đừng có hòng bắt nạt tôi à ~0.000000~0.000000~0.000000~0.000000~0~3000000~ ;
7286~6~0~mấy bạn đừng có hòng bắt nạt tôi à ~0.000000~0.000000~0.000000~0.000000~0~3000000~ ;
8789~6~0~trong các loài mèo thì tôi thích nhất mèo ~0.000000~0.000000~0.000000~0.000000~0~3000000~ ;
99801~6~0~khi mùa hạ về là bạn có thể tha hồ vui đùa ~0.000000~0.000000~0.000000~0.000000~0~3000000~ ;
24663~6~0~tôi rất mong sự giúp đỡ từ mọi người ~0.000000~0.000000~0.000000~0.000000~0~3000000~ ;
12186~6~0~ 日本語 後 が 環 か りますか~0.000000~0.000000~0.000000~0.000000~0~3000000~ ;
61996~6~0~Phong quat bi hong~0.000000~0.000000~0.000000~0.000000~0~3000000~ ;
81514~6~0~Phong quat bi hong~0.000000~0.000000~0.000000~0.000000~1~3000000~ ;
76892~6~0~Phong quat bi hong~0.000000~0.000000~0.000000~0.000000~1~3000000~ ;
93465~6~0~Phong quat bi hong~0.000000~0.000000~0.000000~0.000000~0~3000000~ ;
2526~6~0~Phong quat bi hong~0.000000~0.000000~0.000000~0.000000~0~3000000~ ;
23187~6~0~Phong quat bi hong~0.000000~0.000000~0.000000~0.000000~0~3000000~ ;
39115~6~0~Phong quat bi hong~0.000000~0.000000~0.000000~0.000000~1~3000000~ ;
62708~6~0~Phong quat bi hong~0.000000~0.000000~0.000000~0.000000~1~3000000~ ;
72737~6~0~Phong quat bi hong~0.000000~0.000000~0.000000~0.000000~0~3000000~ ;
86974~6~0~Phong quat bi hong~0.000000~0.000000~0.000000~0.000000~1~3000000~ ;
79041~6~0~Phong quat bi hong~0.000000~0.000000~0.000000~0.000000~1~3000000~ ;
25360~6~0~Phong quat bi hong~0.000000~0.000000~0.000000~0.000000~1~3000000~ ;
72878~6~0~Phong quat bi hong~0.000000~0.000000~0.000000~0.000000~1~3000000~ ;
45659~6~0~Phong quat bi hong~0.000000~0.000000~0.000000~0.000000~1~3000000~ ;
24469~6~0~Phong quat bi hong~0.000000~0.000000~0.000000~0.000000~1~3000000~ ;
96524~6~0~Phong quat bi hong~0.000000~0.000000~0.000000~0.000000~1~3000000~ ;
87780~6~0~Phong quat bi hong~0.000000~0.000000~0.000000~0.000000~1~3000000~ ;
23503~6~0~Phong quat bi hong~0.000000~0.000000~0.000000~0.000000~1~3000000~ ;
4991~6~0~Phong quat bi hong~0.000000~0.000000~0.000000~0.000000~1~3000000~ ;
36535~6~0~Phong quat bi hong~0.000000~0.000000~0.000000~0.000000~1~3000000~ ;
11569~6~0~Phong quat bi hong~0.000000~0.000000~0.000000~0.000000~1~3000000~ ;
19277~6~0~Phong quat bi hong~0.000000~0.000000~0.000000~0.000000~1~3000000~ ;
25278~6~0~Phong quat bi hong~0.000000~0.000000~0.000000~0.000000~1~3000000~ ;
95824~6~0~Phong quat bi hong~0.000000~0.000000~0.000000~0.000000~1~3000000~ ;
70560~6~0~Phong quat bi hong~0.000000~0.000000~0.000000~0.000000~1~3000000~ ;
17438~6~0~Phong quat bi hong~0.000000~0.000000~0.000000~0.000000~1~3000000~ ;
21219~6~0~Phong quat bi hong~0.000000~0.000000~0.000000~0.000000~1~3000000~ ;
696~6~0~Phong quat bi hong~0.000000~0.000000~0.000000~0.000000~1~3000000~ ;
90401~6~0~Phong quat bi hong~0.000000~0.000000~0.000000~0.000000~1~3000000~ ;
19805~6~0~Phong quat bi hong~0.000000~0.000000~0.000000~0.000000~1~3000000~ ;
64607~6~0~Phong quat bi hong~0.000000~0.000000~0.000000~0.000000~1~3000000~ ;
29492~6~0~Phong quat bi hong~0.000000~0.000000~0.000000~0.000000~1~3000000~ ;
63862~6~0~Phong quat bi hong~0.000000~0.000000~0.000000~0.000000~1~3000000~ ;
69452~6~0~Phong quat bi hong~0.000000~0.000000~0.000000~0.000000~1~3000000~ ;
76695~6~0~Phong quat bi hong~0.000000~0.000000~0.000000~0.000000~1~3000000~ ;
39933~6~0~Phong quat bi hong~0.000000~0.000000~0.000000~0.000000~1~3000000~ ;
80210~6~0~Phong quat bi hong~0.000000~0.000000~0.000000~0.000000~1~3000000~ ;
35835~6~0~Phong quat bi hong~0.000000~0.000000~0.000000~0.000000~1~3000000~ ;
44113~6~0~Phong quat bi hong~0.000000~0.000000~0.000000~0.000000~1~3000000~ ;
27968~6~0~Phong quat bi hong~0.000000~0.000000~0.000000~0.000000~1~3000000~ ;
39676~6~0~Phong quat bi hong~0.000000~0.000000~0.000000~0.000000~1~3000000~ ;
32265~6~0~Phong quat bi hong~0.000000~0.000000~0.000000~0.000000~1~3000000~ ;
47295~6~0~Phong quat bi hong~0.000000~0.000000~0.000000~0.000000~1~3000000~ ;
87255~6~0~Phong quat bi hong~0.000000~0.000000~0.000000~0.000000~1~3000000~ ;
14750~6~0~Phong quat bi hong~0.000000~0.000000~0.000000~0.000000~1~3000000~ ;
94232~6~0~Phong quat bi hong~0.000000~0.000000~0.000000~0.000000~1~3000000~ ;
36229~6~0~Phong quat bi hong~0.000000~0.000000~0.000000~0.000000~1~3000000~ ;
31417~6~0~Phong quat bi hong~0.000000~0.000000~0.000000~0.000000~1~3000000~ ;
15771~6~0~Phong quat bi hong~0.000000~0.000000~0.000000~0.000000~1~3000000~ ;
2870~6~0~Phong quat bi hong~0.000000~0.000000~0.000000~0.000000~1~3000000~ ;
58932~6~0~Phong quat bi hong~0.000000~0.000000~0.000000~0.000000~1~3000000~ ;
3887~6~0~Phong quat bi hong~0.000000~0.000000~0.000000~0.000000~1~3000000~ ;
24190~6~0~Phong quat bi hong~0.000000~0.000000~0.000000~0.000000~1~3000000~ ;
76485~6~0~Phong quat bi hong~0.000000~0.000000~0.000000~0.000000~1~3000000~ ;
64150~6~0~Phong quat bi hong~0.000000~0.000000~0.000000~0.000000~1~3000000~ ;
94941~6~0~Phong quat bi hong~0.000000~0.000000~0.000000~0.000000~1~3000000~ ;
64614~6~0~Phong quat bi hong~0.000000~0.000000~0.000000~0.000000~1~3000000~ ;
65171~6~0~Phong quat bi hong~0.000000~0.000000~0.000000~0.000000~1~3000000~ ;
7810~6~0~Phong quat bi hong~0.000000~0.000000~0.000000~0.000000~1~3000000~ ;
28583~6~0~Phong quat bi hong~0.000000~0.000000~0.000000~0.000000~1~3000000~ ;
55742~6~0~Phong quat bi hong~0.000000~0.000000~0.000000~0.000000~1~3000000~ ;
28599~6~0~Phong quat bi hong~0.000000~0.000000~0.000000~0.000000~1~3000000~ ;
46167~6~0~Phong quat bi hong~0.000000~0.000000~0.000000~0.000000~1~3000000~ ;
68559~6~0~Phong quat bi hong~0.000000~0.000000~0.000000~0.000000~1~3000000~ ;
14744~6~0~Phong quat bi hong~0.000000~0.000000~0.000000~0.000000~1~3000000~ ;
81865~6~0~Phong quat bi hong~0.000000~0.000000~0.000000~0.000000~1~3000000~ ;
46427~6~0~Phong quat bi hong~0.000000~0.000000~0.000000~0.000000~1~3000000~ ;
99243~6~0~Phong quat bi hong~0.000000~0.000000~0.000000~0.000000~1~3000000~ ;
78271~6~0~Phong quat bi hong~0.000000~0.000000~0.000000~0.000000~1~3000000~ ;
24803~6~0~Phong quat bi hong~0.000000~0.000000~0.000000~0.000000~1~3000000~ ;
64246~6~0~Phong quat bi hong~0.000000~0.000000~0.000000~0.000000~1~3000000~ ;
63665~6~0~Phong quat bi hong~0.000000~0.000000~0.000000~0.000000~1~3000000~ ;
64144~6~0~Phong quat bi hong~0.000000~0.000000~0.000000~0.000000~1~3000000~ ;
10405~6~0~Phong quat bi hong~0.000000~0.000000~0.000000~0.000000~1~3000000~ ;
28946~6~0~Phong quat bi hong~0.000000~0.000000~0.000000~0.000000~1~3000000~ ;
85384~6~0~Phong quat bi hong~0.000000~0.000000~0.000000~0.000000~1~3000000~ ;
5788~6~0~Phong quat bi hong~0.000000~0.000000~0.000000~0.000000~1~3000000~ ;
39204~6~0~Phong quat bi hong~0.000000~0.000000~0.000000~0.000000~1~3000000~ ;
49325~6~0~Phong quat bi hong~0.000000~0.000000~0.000000~0.000000~1~3000000~ ;
4933~6~0~Phong quat bi hong~0.000000~0.000000~0.000000~0.000000~1~3000000~ ;
55234~6~0~Phong quat bi hong~0.000000~0.000000~0.000000~0.000000~1~3000000~ ;
31986~6~0~Phong quat bi hong~0.000000~0.000000~0.000000~0.000000~1~3000000~ ;
37166~6~0~Phong quat bi hong~0.000000~0.000000~0.000000~0.000000~1~3000000~ ;
46882~6~0~Phong quat bi hong~0.000000~0.000000~0.000000~0.000000~1~3000000~ ;
94792~6~0~Phong quat bi hong~0.000000~0.000000~0.000000~0.000000~1~3000000~ ;
37426~6~0~Phong quat bi hong~0.000000~0.000000~0.000000~0.000000~1~3000000~ ;
97281~6~0~Phong quat bi hong~0.000000~0.000000~0.000000~0.000000~1~3000000~ ;
27830~6~0~Phong quat bi hong~0.000000~0.000000~0.000000~0.000000~1~3000000~ ;
96588~6~0~Phong quat bi hong~0.000000~0.000000~0.000000~0.000000~1~3000000~ ;
74516~6~0~Phong quat bi hong~0.000000~0.000000~0.000000~0.000000~1~3000000~ ;
14945~6~0~Phong quat bi hong~0.000000~0.000000~0.000000~0.000000~1~3000000~ ;
98895~6~0~Phong quat bi hong~0.000000~0.000000~0.000000~0.000000~1~3000000~ ;
8249~6~0~Phong quat bi hong~0.000000~0.000000~0.000000~0.000000~1~3000000~ ;
60601~6~0~Phong quat bi hong~0.000000~0.000000~0.000000~0.000000~1~3000000~ ;
89590~6~0~Phong quat bi hong~0.000000~0.000000~0.000000~0.000000~1~3000000~ ;
89887~6~0~Phong quat bi hong~0.000000~0.000000~0.000000~0.000000~1~3000000~ ;
39652~6~0~Phong quat bi hong~0.000000~0.000000~0.000000~0.000000~1~3000000~ ;
33715~6~0~Phong quat bi hong~0.000000~0.000000~0.000000~0.000000~1~3000000~ ;
95888~6~0~Phong quat bi hong~0.000000~0.000000~0.000000~0.000000~1~3000000~ ;
26864~6~0~Phong quat bi hong~0.000000~0.000000~0.000000~0.000000~1~3000000~ ;
33036~6~0~Phong quat bi hong~0.000000~0.000000~0.000000~0.000000~1~3000000~ ;
82971~6~0~Phong quat bi hong~0.000000~0.000000~0.000000~0.000000~1~3000000~ ;
30508~6~0~Phong quat bi hong~0.000000~0.000000~0.000000~0.000000~1~3000000~ ;
31021~6~0~Phong quat bi hong~0.000000~0.000000~0.000000~0.000000~1~3000000~ ;
40537~6~0~Phong quat bi hong~0.000000~0.000000~0.000000~0.000000~1~3000000~ ;
92521~6~0~Phong quat bi hong~0.000000~0.000000~0.000000~0.000000~1~3000000~ ;
822~6~0~Phong quat bi hong~0.000000~0.000000~0.000000~0.000000~1~3000000~ ;
54323~6~0~Phong quat bi hong~0.000000~0.000000~0.000000~0.000000~1~3000000~ ;
83115~6~0~Phong quat bi hong~0.000000~0.000000~0.000000~0.000000~1~3000000~ ;
41367~6~0~Phong quat bi hong~0.000000~0.000000~0.000000~0.000000~1~3000000~ ;
24251~6~0~Phong quat bi hong~0.000000~0.000000~0.000000~0.000000~1~3000000~ ;
46685~6~0~Phong quat bi hong~0.000000~0.000000~0.000000~0.000000~1~3000000~ ;
80697~6~0~Phong quat bi hong~0.000000~0.000000~0.000000~0.000000~1~3000000~ ;
36353~6~0~Phong quat bi hong~0.000000~0.000000~0.000000~0.000000~1~3000000~ ;
52276~6~0~Phong quat bi hong~0.000000~0.000000~0.000000~0.000000~1~3000000~ ;
70289~6~0~Phong quat bi hong~0.000000~0.000000~0.000000~0.000000~1~3000000~ ;
55794~6~0~Phong quat bi hong~0.000000~0.000000~0.000000~0.000000~1~3000000~ ;
3147~6~0~Phong quat bi hong~0.000000~0.000000~0.000000~0.000000~1~3000000~ ;
52174~6~0~Phong quat bi hong~0.000000~0.000000~0.000000~0.000000~1~3000000~ ;
95754~6~0~Phong quat bi hong~0.000000~0.000000~0.000000~0.000000~1~3000000~ ;
14119~6~0~Phong quat bi hong~0.000000~0.000000~0.000000~0.000000~1~3000000~ ;
38301~6~0~Phong quat bi hong~0.000000~0.000000~0.000000~0.000000~1~3000000~ ;
17285~6~0~Phong quat bi hong~0.000000~0.000000~0.000000~0.000000~1~3000000~ ;
16627~6~0~Phong quat bi hong~0.000000~0.000000~0.000000~0.000000~1~3000000~ ;
9391~6~0~Phong quat bi hong~0.000000~0.000000~0.000000~0.000000~1~3000000~ ;
63277~6~0~Phong quat bi hong~0.000000~0.000000~0.000000~0.000000~1~3000000~ ;
26017~6~0~Phong quat bi hong~0.000000~0.000000~0.000000~0.000000~1~3000000~ ;
91706~6~0~Phong quat bi hong~0.000000~0.000000~0.000000~0.000000~1~3000000~ ;
4744~6~0~Phong quat bi hong~0.000000~0.000000~0.000000~0.000000~1~3000000~ ;
80487~6~0~Phong quat bi hong~0.000000~0.000000~0.000000~0.000000~1~3000000~ ;
63805~6~0~Phong quat bi hong~0.000000~0.000000~0.000000~0.000000~1~3000000~ ;
73492~6~0~Phong quat bi hong~0.000000~0.000000~0.000000~0.000000~1~3000000~ ;
83933~6~0~Phong quat bi hong~0.000000~0.000000~0.000000~0.000000~1~3000000~ ;
45093~6~0~Phong quat bi hong~0.000000~0.000000~0.000000~0.000000~1~3000000~ ;
85053~6~0~Phong quat bi hong~0.000000~0.000000~0.000000~0.000000~1~3000000~ ;
69249~6~0~Phong quat bi hong~0.000000~0.000000~0.000000~0.000000~1~3000000~ ;
36442~6~0~Phong quat bi hong~0.000000~0.000000~0.000000~0.000000~1~3000000~ ;
83676~6~0~Phong quat bi hong~0.000000~0.000000~0.000000~0.000000~1~3000000~ ;
10322~6~0~Phong quat bi hong~0.000000~0.000000~0.000000~0.000000~1~3000000~ ;
58397~6~0~Phong quat bi hong~0.000000~0.000000~0.000000~0.000000~1~3000000~ ;
12525~6~0~Phong quat bi hong~0.000000~0.000000~0.000000~0.000000~1~3000000~ ;
98357~6~0~Phong quat bi hong~0.000000~0.000000~0.000000~0.000000~1~3000000~ ;
1253~6~0~Phong quat bi hong~0.000000~0.000000~0.000000~0.000000~1~3000000~ ;
40893~6~0~Phong quat bi hong~0.000000~0.000000~0.000000~0.000000~1~3000000~ ;
80853~6~0~Phong quat bi hong~0.000000~0.000000~0.000000~0.000000~1~3000000~ ;
79228~6~0~Phong quat bi hong~0.000000~0.000000~0.000000~0.000000~1~3000000~ ;
15160~6~0~Phong quat bi hong~0.000000~0.000000~0.000000~0.000000~1~3000000~ ;
55995~6~0~Phong quat bi hong~0.000000~0.000000~0.000000~0.000000~1~3000000~ ;
95955~6~0~Phong quat bi hong~0.000000~0.000000~0.000000~0.000000~1~3000000~ ;
43045~6~0~Phong quat bi hong~0.000000~0.000000~0.000000~0.000000~1~3000000~ ;
17016~6~0~Phong quat bi hong~0.000000~0.000000~0.000000~0.000000~1~3000000~ ;
15420~6~0~Phong quat bi hong~0.000000~0.000000~0.000000~0.000000~1~3000000~ ;
51223~6~0~Phong quat bi hong~0.000000~0.000000~0.000000~0.000000~1~3000000~ ;
28260~6~0~Phong quat bi hong~0.000000~0.000000~0.000000~0.000000~1~3000000~ ;
79447~6~0~Phong quat bi hong~0.000000~0.000000~0.000000~0.000000~1~3000000~ ;
5269~6~0~Phong quat bi hong~0.000000~0.000000~0.000000~0.000000~1~3000000~ ;
9265~6~0~Phong quat bi hong~0.000000~0.000000~0.000000~0.000000~1~3000000~ ;
85448~6~0~Phong quat bi hong~0.000000~0.000000~0.000000~0.000000~1~3000000~ ;
91495~6~0~Phong quat bi hong~0.000000~0.000000~0.000000~0.000000~1~3000000~ ;
64782~6~0~Phong quat bi hong~0.000000~0.000000~0.000000~0.000000~1~3000000~ ;
79519~6~0~Phong quat bi hong~0.000000~0.000000~0.000000~0.000000~1~3000000~ ;
69721~6~0~Phong quat bi hong~0.000000~0.000000~0.000000~0.000000~1~3000000~ ;
55573~6~0~Phong quat bi hong~0.000000~0.000000~0.000000~0.000000~1~3000000~ ;
29065~6~0~Phong quat bi hong~0.000000~0.000000~0.000000~0.000000~1~3000000~ ;
47772~6~0~Phong quat bi hong~0.000000~0.000000~0.000000~0.000000~1~3000000~ ;
68885~6~0~Phong quat bi hong~0.000000~0.000000~0.000000~0.000000~1~3000000~ ;
12292~6~0~Phong quat bi hong~0.000000~0.000000~0.000000~0.000000~1~3000000~ ;
5248~6~0~Phong quat bi hong~0.000000~0.000000~0.000000~0.000000~1~3000000~ ;
52252~6~0~Phong quat bi hong~0.000000~0.000000~0.000000~0.000000~1~3000000~ ;
59580~6~0~Phong quat bi hong~0.000000~0.000000~0.000000~0.000000~1~3000000~ ;
83204~6~0~Phong quat bi hong~0.000000~0.000000~0.000000~0.000000~1~3000000~ ;
12306~6~0~Phong quat bi hong~0.000000~0.000000~0.000000~0.000000~1~3000000~ ;
93325~6~0~Phong quat bi hong~0.000000~0.000000~0.000000~0.000000~1~3000000~ ;
9333~6~0~Phong quat bi hong~0.000000~0.000000~0.000000~0.000000~1~3000000~ ;
85762~6~0~Phong quat bi hong~0.000000~0.000000~0.000000~0.000000~1~3000000~ ;
97172~6~0~Phong quat bi hong~0.000000~0.000000~0.000000~0.000000~1~3000000~ ;
