たなかさん ~07/09/2006~0462011344~032661945~1~17285~200000~2~2~12~2024~ ;
Hoàng Thị Hoa~07/09/2005~0462079412~032661957~1~37426~200000~2~2~12~2024~ ;
Trần Thị Bích~07/09/2005~0462032899~032661952~1~49325~200000~2~2~12~2024~ ;
Đặng Minh Anh Quân~07/09/2005~0462094492~032661955~0~39933~200000~2~2~12~2024~ ;
Nguyen Van Thanh~07/09/2005~0462051510~032661985~1~98553~200000~2~2~12~2024~ ;
Le Thi Hoa~07/09/2005~0462018841~032661978~0~39204~200000~2~2~12~2024~ ;
Ngo Van Thanh~07/09/2005~0462029525~032661982~1~65727~200000~2~2~12~2024~ ;
Tran Thi Bich~07/09/2005~0462080716~032661970~0~39676~200000~2~2~12~2024~ ;
Pham Minh Quang~07/09/2005~0462088780~032661984~0~45659~200000~2~2~12~2024~ ;
Mai Minh Châu~07/09/2005~0462082300~032661951~0~31986~200000~2~2~12~2024~ ;
Nguyen Thi Bich~07/09/2005~0462042385~032661996~0~76892~200000~2~2~12~2024~ ;
Nguyen Minh Tuan~07/09/2005~0462003911~032661950~0~98357~200000~2~2~12~2024~ ;
Vũ Minh Châu~07/09/2005~0462074336~032661956~0~83204~200000~2~2~12~2024~ ;
Mai Minh Tuan~07/09/2005~0462026900~032661982~0~81514~200000~2~2~12~2024~ ;
Nguyen Thi Kim~07/09/2005~0462003090~032661937~0~5269~200000~2~2~12~2024~ ;
Tran Van An~07/09/2005~0462013251~032661962~0~46685~200000~2~2~12~2024~ ;
Vu Thi Bich~07/09/2005~0462009572~032661960~1~4933~200000~2~2~12~2024~ ;
Tran Thi Tam~07/09/2005~0462015117~032661969~0~93465~200000~2~2~12~2024~ ;
Le Minh Quang~07/09/2005~0462002301~032661991~1~98553~200000~2~2~12~2024~ ;
Hoang Van An~07/09/2005~0462097338~032661976~0~51223~200000~2~2~12~2024~ ;
Nguyen Thi Lan~07/09/2005~0462029051~032661926~1~7810~200000~2~2~12~2024~ ;
Ngo Minh Tuan~07/09/2005~0462026865~032661993~1~3887~200000~2~2~12~2024~ ;
Do Thi Bich~07/09/2005~0462028109~032661980~1~10322~200000~2~2~12~2024~ ;
Dang Thi Tam~07/09/2005~0462093912~032661986~1~83676~200000~2~2~12~2024~ ;
Nguyen Thi Tam~07/09/2005~0462049194~032661978~0~64782~200000~2~2~12~2024~ ;
Tran Thi Bich~07/09/2005~0462051177~032661914~0~52276~200000~2~2~12~2024~ ;
Ngo Minh Chau~07/09/2005~0462053191~032661950~0~16627~200000~2~2~12~2024~ ;
Phan Thi Bich~07/09/2005~0462006760~032661938~1~95955~200000~2~2~12~2024~ ;
Phan Van Thanh~07/09/2005~0462076939~032661966~0~58932~200000~2~2~12~2024~ ;
Hoang Thi Kim~07/09/2005~0462075282~032661953~0~91495~200000~2~2~12~2024~ ;
Bui Minh Hai~07/09/2005~0462084963~032661982~1~89590~200000~2~2~12~2024~ ;
Pham Minh Tuan~07/09/2005~0462042257~032661924~1~97281~200000~2~2~12~2024~ ;
Tran Minh Quang~07/09/2005~0462095485~032661914~1~28583~200000~2~2~12~2024~ ;
Phan Minh Hai~07/09/2005~0462071839~032661910~0~2870~200000~2~2~12~2024~ ;
Nguyen Van Thanh~07/09/2005~0462037730~032661906~1~40575~200000~2~2~12~2024~ ;
Hoang Thi Lan~07/09/2005~0462020669~032661903~1~98553~200000~2~2~12~2024~ ;
Phan Thi Lan~07/09/2005~0462076822~032661920~1~93325~200000~2~2~12~2024~ ;
Mai Thi Kim~07/09/2005~0462029388~032661941~1~5788~200000~2~2~12~2024~ ;
Phan Van Hung~07/09/2005~0462004166~032661923~1~72878~200000~2~2~12~2024~ ;
Pham Thi Kim~07/09/2005~0462091802~032661919~1~5269~200000~2~2~12~2024~ ;
Ngo Minh Tuan~07/09/2005~0462068133~032661915~0~28583~200000~2~2~12~2024~ ;
Vu Minh Tuan~07/09/2005~0462006141~032661901~0~65171~200000~2~2~12~2024~ ;
Pham Van Cuong~07/09/2005~0462098493~032661924~1~10322~200000~2~2~12~2024~ ;
Dang Minh Chau~07/09/2005~0462014455~032661963~1~52174~200000~2~2~12~2024~ ;
Phan Minh Quang~07/09/2005~0462002653~032661949~0~24803~200000~2~2~12~2024~ ;
Ngo Thi Kim~07/09/2005~0462019510~032661976~1~37166~200000~2~2~12~2024~ ;
Le Thi Hoa~07/09/2005~0462022390~032661927~1~33036~200000~2~2~12~2024~ ;
Ngo Van Cuong~07/09/2005~0462005333~032661906~1~47295~200000~2~2~12~2024~ ;
Phan Minh Tuan~07/09/2005~0462043898~032661951~0~97172~200000~2~2~12~2024~ ;
Bui Minh Tuan~07/09/2005~0462054488~032661919~0~2870~200000~2~2~12~2024~ ;
Ngo Thi Hoa~07/09/2005~0462032846~032661977~0~33894~200000~2~2~12~2024~ ;
Phan Van An~07/09/2005~0462092890~032661973~1~76485~200000~2~2~12~2024~ ;
Pham Minh Chau~07/09/2005~0462063631~032661912~1~52276~200000~2~2~12~2024~ ;
Vu Minh Quang~07/09/2005~0462064208~032661958~1~80081~200000~2~2~12~2024~ ;
Bui Van Loi~07/09/2005~0462013533~032661941~1~93325~200000~2~2~12~2024~ ;
Vu Minh Tuan~07/09/2005~0462022372~032661908~1~46685~200000~2~2~12~2024~ ;
Phan Minh Chau~07/09/2005~0462041754~032661989~0~33894~200000~2~2~12~2024~ ;
Dang Thi Kim~07/09/2005~0462049311~032661998~1~2870~200000~2~2~12~2024~ ;
Do Minh Chau~07/09/2005~0462026388~032661927~0~98895~200000~2~2~12~2024~ ;
Phan Thi Tam~07/09/2005~0462017334~032661926~0~33715~200000~2~2~12~2024~ ;
Pham Van An~07/09/2005~0462099845~032661965~1~7810~200000~2~2~12~2024~ ;
Vu Minh Hai~07/09/2005~0462013090~032661915~0~2526~200000~2~2~12~2024~ ;
Ngo Thi Bich~07/09/2005~0462044596~032661930~1~44113~200000~2~2~12~2024~ ;
Le Thi Bich~07/09/2005~0462082054~032661962~0~21219~200000~2~2~12~2024~ ;
Do Van Hung~07/09/2005~0462070681~032661944~1~12186~200000~2~2~12~2024~ ;
Hoang Minh Tuan~07/09/2005~0462083372~032661944~1~4991~200000~2~2~12~2024~ ;
Phan Thi Bich~07/09/2005~0462028479~032661977~0~5269~200000~2~2~12~2024~ ;
Ngo Van Hung~07/09/2005~0462000770~032661987~1~99243~200000~2~2~12~2024~ ;
Pham Van Cuong~07/09/2005~0462063474~032661970~0~85053~200000~2~2~12~2024~ ;
Ngo Minh Chau~07/09/2005~0462034795~032661947~0~62708~200000~2~2~12~2024~ ;
Pham Thi Lan~07/09/2005~0462004571~032661925~0~27830~200000~2~2~12~2024~ ;
Tran Van Hung~07/09/2005~0462045086~032661904~0~8789~200000~2~2~12~2024~ ;
Mai Minh Chau~07/09/2005~0462056752~032661967~0~12306~200000~2~2~12~2024~ ;
Tran Thi Bich~07/09/2005~0462069167~032661961~0~94232~200000~2~2~12~2024~ ;
Dang Minh Tuan~07/09/2005~0462005329~032661904~0~27830~200000~2~2~12~2024~ ;
Vu Van Hung~07/09/2005~0462012647~032661978~1~38301~200000~2~2~12~2024~ ;
Do Van Hung~07/09/2005~0462092262~032661939~0~37426~200000~2~2~12~2024~ ;
Ngo Minh Chau~07/09/2005~0462099083~032661991~0~23187~200000~2~2~12~2024~ ;
Trần Thị Thu Trang~08/09/2005~102230026~0326619075~1~81514~270000~2~6~12~2024~ ;
Phan Minh Quang~07/09/2005~0462042195~032661966~0~64782~200000~2~2~12~2024~ ;
Nguyen Van Cuong~07/09/2005~0462098559~032661909~1~76892~200000~2~2~12~2024~ ;
Le Thi Tam~07/09/2005~0462092384~032661922~1~10322~200000~2~2~12~2024~ ;
Ngo Minh Chau~07/09/2005~0462099227~032661907~0~65171~200000~2~2~12~2024~ ;
Pham Van Loi~07/09/2005~0462047376~032661980~0~76695~200000~2~2~12~2024~ ;
Dang Van Thanh~07/09/2005~0462029885~032661987~0~92521~200000~2~2~12~2024~ ;
Pham Thi Kim~07/09/2005~0462069236~032661970~1~29065~200000~2~2~12~2024~ ;
Tran Thi Bich~07/09/2005~0462087393~032661999~1~28583~200000~2~2~12~2024~ ;
Dang Minh Chau~07/09/2005~0462047164~032661984~0~29065~200000~2~2~12~2024~ ;
Nguyen Van An~07/09/2005~0462067118~032661992~1~40893~200000~2~2~12~2024~ ;
Phan Minh Hai~07/09/2005~0462001708~032661918~1~55794~200000~2~2~12~2024~ ;
Dang Van Cuong~07/09/2005~0462086092~032661958~0~78271~200000~2~2~12~2024~ ;
Do Minh Quang~07/09/2005~0462072945~032661963~0~92521~200000~2~2~12~2024~ ;
Pham Minh Hai~07/09/2005~0462052319~032661958~1~73854~200000~2~2~12~2024~ ;
Bui Thi Kim~07/09/2005~0462029886~032661939~1~93315~200000~2~2~12~2024~ ;
Pham Minh Hai~07/09/2005~0462011726~032661916~1~35835~200000~2~2~12~2024~ ;
Nguyen Thi Bich~07/09/2005~0462091865~032661919~0~76892~200000~2~2~12~2024~ ;
Bui Van Loi~07/09/2005~0462025900~032661928~1~19277~200000~2~2~12~2024~ ;
Ngo Van Hung~07/09/2005~0462091037~032661965~1~28260~200000~2~2~12~2024~ ;
Ngo Van Loi~07/09/2005~0462009168~032661980~0~24251~200000~2~2~12~2024~ ;
Mai Thi Hoa~07/09/2005~0462092132~032661900~0~68770~200000~2~2~12~2024~ ;
Nguyen Thi Hoa~07/09/2005~0462082100~032661978~0~10322~200000~2~2~12~2024~ ;
Ngo Thi Bich~07/09/2005~0462060942~032661987~1~15771~200000~2~2~12~2024~ ;
